Date;nnav;ttav;ffav;wwav
01.01.2015;8;4,125;13;10
02.01.2015;6;7,75;24;61
03.01.2015;7;4,875;25;69
04.01.2015;0;4,75;15;NULL
05.01.2015;8;5,875;8;20
06.01.2015;8;3,625;8;10
07.01.2015;6;5,75;10;61
08.01.2015;8;6,375;9;61
09.01.2015;6;7,5;25;63
10.01.2015;6;10;28;61
11.01.2015;5;4,25;23;61
12.01.2015;7;7,5;19;61
13.01.2015;7;7,75;14;61
14.01.2015;6;3,125;16;71
15.01.2015;7;6,75;14;61
16.01.2015;6;6,75;13;0
17.01.2015;1;4,25;12;21
18.01.2015;8;2;9;61
19.01.2015;7;1;5;71
20.01.2015;7;-0,375;4;77
21.01.2015;8;-1,125;4;10
22.01.2015;7;-1,375;3;49
23.01.2015;8;-1,25;5;20
24.01.2015;7;-0,5;10;71
25.01.2015;6;2,875;6;NULL
26.01.2015;7;3,375;10;61
27.01.2015;2;4,875;13;NULL
28.01.2015;7;4,875;17;61
29.01.2015;7;1,5;12;75
30.01.2015;7;1,125;6;NULL
31.01.2015;7;-2,375;7;49
01.02.2015;7;-0,25;9;75
02.02.2015;6;1;10;22
03.02.2015;7;-1;10;77
04.02.2015;6;-1,875;9;0
05.02.2015;5;0,75;10;22
06.02.2015;2;-0,5;6;22
07.02.2015;7;4,125;18;20
08.02.2015;1;3,375;14;NULL
09.02.2015;7;6,875;13;61
10.02.2015;7;7,625;11;NULL
11.02.2015;8;4;5;NULL
12.02.2015;8;2;4;10
13.02.2015;8;1,25;6;10
14.02.2015;7;1,625;9;28
15.02.2015;7;3,125;16;10
16.02.2015;8;2;9;10
17.02.2015;6;1,125;7;45
18.02.2015;3;5,5;12;10
19.02.2015;0;6,25;13;5
20.02.2015;8;3,875;11;71
21.02.2015;7;3,875;16;61
22.02.2015;5;5,25;13;0
23.02.2015;7;4,5;12;61
24.02.2015;7;5,625;12;61
25.02.2015;5;5,875;10;NULL
26.02.2015;5;6,625;10;0
27.02.2015;7;4,5;9;61
28.02.2015;3;5,625;10;0
01.03.2015;7;6,75;15;61
02.03.2015;6;5,125;23;61
03.03.2015;6;5;14;61
04.03.2015;6;5;18;61
05.03.2015;7;6,625;14;NULL
06.03.2015;7;8,125;12;20
07.03.2015;7;10,125;13;0
08.03.2015;0;14;12;NULL
09.03.2015;4;8,375;6;NULL
10.03.2015;3;9,5;13;10
11.03.2015;0;9,125;12;NULL
12.03.2015;0;7,125;10;0
13.03.2015;6;4,875;15;NULL
14.03.2015;7;5,125;15;NULL
15.03.2015;7;5,75;13;21
16.03.2015;2;8,625;13;10
17.03.2015;1;10,75;11;5
18.03.2015;4;10,625;8;NULL
19.03.2015;0;10,375;9;0
20.03.2015;7;5;9;45
21.03.2015;7;4,5;21;61
22.03.2015;0;4,375;8;NULL
23.03.2015;0;7,75;12;NULL
24.03.2015;6;7,875;6;0
25.03.2015;6;7,875;14;5
26.03.2015;7;7,125;9;0
27.03.2015;7;7;7;61
28.03.2015;7;8,5;10;NULL
29.03.2015;7;8,25;12;61
30.03.2015;6;6,5;29;61
31.03.2015;7;6,375;35;61
01.04.2015;4;5;24;22
02.04.2015;6;6,5;19;61
03.04.2015;5;7,375;14;NULL
04.04.2015;0;8,375;11;NULL
05.04.2015;3;8,625;11;NULL
06.04.2015;0;7,75;10;NULL
07.04.2015;7;7,75;14;61
08.04.2015;2;12;11;NULL
09.04.2015;2;11,875;7;0
10.04.2015;1;14,125;8;5
11.04.2015;2;16,75;14;61
12.04.2015;5;12,375;16;NULL
13.04.2015;4;8,875;21;61
14.04.2015;7;10,75;17;61
15.04.2015;0;15,5;19;5
16.04.2015;6;9,375;16;21
17.04.2015;0;10,5;15;NULL
18.04.2015;0;10,875;8;NULL
19.04.2015;0;10,125;11;NULL
20.04.2015;0;14,25;9;NULL
21.04.2015;0;14,625;17;5
22.04.2015;0;12,125;7;NULL
23.04.2015;1;13,625;12;NULL
24.04.2015;2;13,875;9;20
25.04.2015;7;13,75;8;63
26.04.2015;8;7;11;61
27.04.2015;4;10,125;11;NULL
28.04.2015;3;10,25;13;NULL
29.04.2015;5;12,625;12;NULL
30.04.2015;6;11,375;10;61
01.05.2015;6;10;6;21
02.05.2015;3;11;12;0
03.05.2015;1;14,75;12;61
04.05.2015;5;15,875;13;21
05.05.2015;4;20;15;95
06.05.2015;3;17,125;11;21
07.05.2015;6;12;16;21
08.05.2015;2;11,5;11;NULL
09.05.2015;7;13,5;14;61
10.05.2015;2;12,75;18;0
11.05.2015;0;19,75;11;NULL
12.05.2015;7;14,625;14;63
13.05.2015;7;11,875;16;21
14.05.2015;7;11,25;10;20
15.05.2015;6;13,5;9;NULL
16.05.2015;7;10,5;11;61
17.05.2015;3;12,625;17;21
18.05.2015;6;11,625;8;61
19.05.2015;6;10,125;11;63
20.05.2015;5;12,25;9;63
21.05.2015;6;12,625;10;61
22.05.2015;4;17;12;NULL
23.05.2015;5;13,375;8;0
24.05.2015;2;14,375;8;NULL
25.05.2015;7;11,75;10;61
26.05.2015;6;13;14;21
27.05.2015;7;12,625;13;61
28.05.2015;6;13,125;12;63
29.05.2015;6;14,625;8;61
30.05.2015;4;11,625;15;61
31.05.2015;7;14,5;10;61
01.06.2015;5;14,25;16;NULL
02.06.2015;7;14,25;14;61
03.06.2015;6;15,25;18;21
04.06.2015;0;16,375;9;0
05.06.2015;0;22,625;9;NULL
06.06.2015;3;18,5;19;10
07.06.2015;4;16,625;15;NULL
08.06.2015;6;14,375;12;NULL
09.06.2015;3;15,25;8;NULL
10.06.2015;0;18;7;NULL
11.06.2015;1;16;10;NULL
12.06.2015;0;20,25;10;NULL
13.06.2015;6;21,875;12;61
14.06.2015;7;14,375;12;NULL
15.06.2015;8;13,625;11;21
16.06.2015;7;13,625;14;NULL
17.06.2015;7;16,5;9;61
18.06.2015;7;13,25;13;61
19.06.2015;7;14,25;14;61
20.06.2015;5;17,125;13;NULL
21.06.2015;6;15,75;6;NULL
22.06.2015;5;13,5;8;61
23.06.2015;5;16,5;10;21
24.06.2015;8;12,625;14;61
25.06.2015;6;17,125;8;21
26.06.2015;7;19,25;5;61
27.06.2015;7;19,375;16;61
28.06.2015;2;19,875;10;NULL
29.06.2015;3;21,5;12;NULL
30.06.2015;3;20,25;9;NULL
01.07.2015;0;23,125;13;NULL
02.07.2015;0;27,375;12;NULL
03.07.2015;1;25,625;10;NULL
04.07.2015;0;26,5;10;NULL
05.07.2015;4;25,25;9;21
06.07.2015;3;19,875;16;NULL
07.07.2015;4;24,75;9;61
08.07.2015;6;16,625;16;63
09.07.2015;6;14,375;24;61
10.07.2015;3;16,125;18;21
11.07.2015;6;17,75;9;21
12.07.2015;7;19,25;12;61
13.07.2015;6;19,375;11;NULL
14.07.2015;3;19,625;9;0
15.07.2015;3;20,125;14;NULL
16.07.2015;4;18,75;7;NULL
17.07.2015;4;23,25;12;21
18.07.2015;2;20,875;16;NULL
19.07.2015;7;14,5;5;63
20.07.2015;6;18,375;12;20
21.07.2015;3;21,375;16;0
22.07.2015;2;23,75;12;0
23.07.2015;5;18,375;12;61
24.07.2015;7;19,375;10;NULL
25.07.2015;6;20;10;95
26.07.2015;5;16,75;19;61
27.07.2015;7;15,875;8;61
28.07.2015;7;17,375;15;63
29.07.2015;5;14,875;12;61
30.07.2015;7;14;16;61
31.07.2015;7;15,875;15;NULL
01.08.2015;0;17,625;12;NULL
02.08.2015;0;21,5;8;NULL
03.08.2015;0;26;7;NULL
04.08.2015;2;26,5;15;61
05.08.2015;2;21,75;8;21
06.08.2015;1;27,625;6;NULL
07.08.2015;4;20;9;63
08.08.2015;6;19,125;10;NULL
09.08.2015;0;21;10;NULL
10.08.2015;3;22,5;8;21
11.08.2015;4;22,125;7;NULL
12.08.2015;5;19,125;9;21
13.08.2015;0;20,75;13;0
14.08.2015;4;24;14;NULL
15.08.2015;7;20,875;8;61
16.08.2015;6;21,5;10;0
17.08.2015;7;19,375;14;61
18.08.2015;7;19,25;13;21
19.08.2015;3;19,625;8;5
20.08.2015;1;20,375;8;10
21.08.2015;1;22,875;7;0
22.08.2015;0;23,5;12;NULL
23.08.2015;0;21,625;18;0
24.08.2015;6;20,75;8;NULL
25.08.2015;6;17,75;12;21
26.08.2015;5;22,125;9;NULL
27.08.2015;6;18,125;12;61
28.08.2015;2;19,625;11;20
29.08.2015;4;20,125;6;NULL
30.08.2015;5;19,375;10;21
31.08.2015;3;21,875;8;65
01.09.2015;8;17,625;12;61
02.09.2015;5;17;13;21
03.09.2015;3;17,75;8;NULL
04.09.2015;7;15,625;10;61
05.09.2015;5;14,125;20;61
06.09.2015;5;17;18;NULL
07.09.2015;0;17,25;12;NULL
08.09.2015;2;17,5;9;0
09.09.2015;1;16,875;10;NULL
10.09.2015;1;17,625;14;NULL
11.09.2015;7;15;12;61
12.09.2015;5;18,5;8;NULL
13.09.2015;6;18,5;5;20
14.09.2015;7;17,625;6;63
15.09.2015;4;13,875;10;95
16.09.2015;7;15,25;6;61
17.09.2015;6;18;12;61
18.09.2015;5;17,25;10;0
19.09.2015;7;15,25;7;61
20.09.2015;3;15,625;15;21
21.09.2015;7;13,375;6;61
22.09.2015;7;14,25;7;61
23.09.2015;7;14;5;20
24.09.2015;3;16;11;0
25.09.2015;4;14,875;8;61
26.09.2015;4;15,25;7;21
27.09.2015;1;15,25;8;NULL
28.09.2015;2;14,625;7;0
29.09.2015;2;15,625;9;0
30.09.2015;0;15,375;6;0
01.10.2015;1;14,75;9;0
02.10.2015;2;15,375;7;10
03.10.2015;2;14,375;9;0
04.10.2015;6;15,625;7;45
05.10.2015;0;16,5;5;10
06.10.2015;7;14,875;14;10
07.10.2015;8;13;7;63
08.10.2015;7;11,875;5;10
09.10.2015;7;11,125;7;21
10.10.2015;1;9,75;14;0
11.10.2015;0;10,25;13;5
12.10.2015;0;8,625;12;5
13.10.2015;7;7,75;10;61
14.10.2015;7;9;11;61
15.10.2015;7;10,375;16;61
16.10.2015;7;10;14;61
17.10.2015;7;10,75;9;61
18.10.2015;8;11,125;10;61
19.10.2015;6;9,25;7;0
20.10.2015;7;10,25;8;20
21.10.2015;7;11,25;7;NULL
22.10.2015;7;12,25;10;61
23.10.2015;1;13,375;15;NULL
24.10.2015;8;12,375;6;NULL
25.10.2015;2;12,25;15;NULL
26.10.2015;0;11,375;6;0
27.10.2015;0;10,75;10;NULL
28.10.2015;1;11,25;10;5
29.10.2015;2;10,5;4;10
30.10.2015;7;11,375;5;10
31.10.2015;1;11,75;9;10
01.11.2015;4;10,75;6;10
02.11.2015;8;9,75;5;10
03.11.2015;7;5,125;4;45
04.11.2015;1;8;4;10
05.11.2015;6;13,375;5;61
06.11.2015;8;13,75;6;61
07.11.2015;7;14,625;9;61
08.11.2015;1;13;12;NULL
09.11.2015;5;12;15;21
10.11.2015;7;15;18;61
11.11.2015;8;13,625;12;61
12.11.2015;2;13,125;17;0
13.11.2015;4;11,75;19;21
14.11.2015;4;8,125;14;21
15.11.2015;7;8,5;4;61
16.11.2015;7;12,25;12;53
17.11.2015;7;10,75;8;21
18.11.2015;6;10,75;19;21
19.11.2015;7;10,125;20;61
20.11.2015;7;7,75;9;61
21.11.2015;7;4,5;15;63
22.11.2015;7;2,25;18;73
23.11.2015;4;3,125;8;NULL
24.11.2015;7;3,125;14;61
25.11.2015;7;5,125;7;61
26.11.2015;0;5,5;7;NULL
27.11.2015;7;5,25;11;NULL
28.11.2015;2;6,125;11;61
29.11.2015;7;8,25;15;63
30.11.2015;5;5,75;18;61
01.12.2015;6;6,75;10;21
02.12.2015;7;10,5;9;21
03.12.2015;8;9,125;8;61
04.12.2015;6;9,25;17;61
05.12.2015;6;9;14;61
06.12.2015;7;10,875;19;20
07.12.2015;6;8,25;3;NULL
08.12.2015;0;10,75;8;0
09.12.2015;3;8,75;12;21
10.12.2015;7;6,625;13;21
11.12.2015;5;6,125;11;63
12.12.2015;3;6,875;10;61
13.12.2015;1;5,25;9;NULL
14.12.2015;7;3,625;6;21
15.12.2015;7;5,5;8;61
16.12.2015;8;6,25;7;10
17.12.2015;7;11,875;9;53
18.12.2015;8;10,375;15;61
19.12.2015;6;11,375;10;0
20.12.2015;5;12,5;9;NULL
21.12.2015;7;10,25;14;21
22.12.2015;7;11,25;17;61
23.12.2015;6;10,375;20;61
24.12.2015;3;8,375;11;61
25.12.2015;2;7,875;14;0
26.12.2015;7;12,75;18;63
27.12.2015;7;10,875;15;61
28.12.2015;8;4,75;11;NULL
29.12.2015;7;5,125;11;NULL
30.12.2015;8;5,25;9;0
31.12.2015;7;2;10;61
01.01.2016;7;4,5;6;28
02.01.2016;8;0;16;10
03.01.2016;7;-5,5;13;0
04.01.2016;5;-6;15;10
05.01.2016;1;-3,625;14;5
06.01.2016;0;-3;12;5
07.01.2016;7;-4;13;22
08.01.2016;7;1,75;20;61
09.01.2016;4;2,875;6;21
10.01.2016;7;2,125;8;63
11.01.2016;7;2,5;6;45
12.01.2016;7;4;8;63
13.01.2016;8;1,875;14;61
14.01.2016;6;1,75;6;10
15.01.2016;7;2,125;12;10
16.01.2016;7;0,5;5;10
17.01.2016;3;-1,375;9;NULL
18.01.2016;6;-1,75;6;10
19.01.2016;7;-2,5;10;73
20.01.2016;7;-1,625;8;28
21.01.2016;4;-4,875;5;20
22.01.2016;1;-3;7;10
23.01.2016;6;3,125;6;49
24.01.2016;7;5,125;7;10
25.01.2016;8;9;9;45
26.01.2016;7;7,875;9;NULL
27.01.2016;7;10,375;15;61
28.01.2016;5;6,75;16;21
29.01.2016;7;8,125;17;61
30.01.2016;7;6,625;17;65
31.01.2016;6;4,125;13;61
01.02.2016;7;7,875;21;61
02.02.2016;6;7,5;20;61
03.02.2016;6;4,75;15;61
04.02.2016;5;4,25;12;22
05.02.2016;7;4,5;10;61
06.02.2016;7;9,375;11;21
07.02.2016;6;9,75;12;21
08.02.2016;7;8,5;16;63
09.02.2016;5;6,75;15;61
10.02.2016;7;3,75;9;61
11.02.2016;7;5,25;7;61
12.02.2016;7;3,5;6;61
13.02.2016;6;2;8;20
14.02.2016;8;2,875;20;61
15.02.2016;8;0,75;14;NULL
16.02.2016;0;2,125;5;NULL
17.02.2016;1;1,75;10;0
18.02.2016;5;1,875;6;10
19.02.2016;7;3,25;6;61
20.02.2016;7;6;12;61
21.02.2016;7;6,875;12;61
22.02.2016;6;5,875;15;61
23.02.2016;4;6,125;17;61
24.02.2016;3;4;15;61
25.02.2016;6;3,5;10;53
26.02.2016;6;3,625;8;NULL
27.02.2016;4;1,5;5;45
28.02.2016;1;3,5;6;0
29.02.2016;7;2,125;10;0
01.03.2016;5;2,25;8;NULL
02.03.2016;7;5;16;63
03.03.2016;7;4,75;5;21
04.03.2016;2;3,875;9;10
05.03.2016;8;3,25;5;61
06.03.2016;7;4,5;11;10
07.03.2016;6;4,75;10;20
08.03.2016;6;5;10;61
09.03.2016;0;6,75;9;5
10.03.2016;8;4,375;11;10
11.03.2016;8;3,5;11;NULL
12.03.2016;8;2,75;7;0
13.03.2016;8;0,875;8;10
14.03.2016;8;5;8;10
15.03.2016;5;5,75;12;61
16.03.2016;1;6,375;11;0
17.03.2016;0;9,25;12;0
18.03.2016;8;5,375;9;21
19.03.2016;7;6;15;45
20.03.2016;6;8,625;15;61
21.03.2016;7;7,5;19;61
22.03.2016;7;8,125;13;61
23.03.2016;1;9,125;13;NULL
24.03.2016;7;7,375;10;21
25.03.2016;8;7,875;7;61
26.03.2016;1;9,75;9;0
27.03.2016;7;8,625;12;61
28.03.2016;6;11,625;18;61
29.03.2016;6;10;13;21
30.03.2016;5;8,5;15;61
31.03.2016;4;9;13;21
01.04.2016;0;9,125;7;NULL
02.04.2016;3;12,75;8;NULL
03.04.2016;7;15,5;5;21
04.04.2016;6;17,375;6;21
05.04.2016;7;10;7;61
06.04.2016;6;11,125;12;61
07.04.2016;6;8,625;13;21
08.04.2016;6;9;9;63
09.04.2016;4;10,125;11;0
10.04.2016;7;10,875;13;NULL
11.04.2016;1;10;15;5
12.04.2016;6;8;9;61
13.04.2016;5;9,75;11;10
14.04.2016;6;10;8;0
15.04.2016;7;10,625;8;61
16.04.2016;6;12,75;15;53
17.04.2016;4;9,875;19;21
18.04.2016;7;9,625;16;21
19.04.2016;5;9,5;23;21
20.04.2016;2;10,5;17;NULL
21.04.2016;2;11,625;16;NULL
22.04.2016;5;10,5;12;NULL
23.04.2016;3;8,875;17;21
24.04.2016;4;5,75;10;21
25.04.2016;8;4,625;10;61
26.04.2016;7;2,5;7;75
27.04.2016;7;4,875;8;61
28.04.2016;6;7,5;16;61
29.04.2016;6;9,75;13;61
30.04.2016;8;8;7;61
01.05.2016;0;10,75;9;NULL
02.05.2016;1;17,875;6;NULL
03.05.2016;6;11,375;15;61
04.05.2016;1;12,375;10;NULL
05.05.2016;0;15,125;13;NULL
06.05.2016;0;19;14;NULL
07.05.2016;0;22,125;12;NULL
08.05.2016;0;21,375;17;NULL
09.05.2016;0;19,875;12;NULL
10.05.2016;0;20,875;14;NULL
11.05.2016;0;20,625;15;NULL
12.05.2016;0;15,625;17;0
13.05.2016;2;17,5;16;65
14.05.2016;7;10;14;21
15.05.2016;6;9,75;12;61
16.05.2016;5;11,25;16;NULL
17.05.2016;7;10,75;15;21
18.05.2016;5;16,75;7;NULL
19.05.2016;2;19,5;10;0
20.05.2016;8;14,75;11;61
21.05.2016;6;19,375;9;21
22.05.2016;1;25;9;NULL
23.05.2016;7;15,5;8;21
24.05.2016;8;14,25;10;21
25.05.2016;7;16,5;6;20
26.05.2016;7;14,375;6;61
27.05.2016;4;15,875;9;61
28.05.2016;2;18,625;11;NULL
29.05.2016;6;17;13;21
30.05.2016;4;20,25;17;0
31.05.2016;1;20,625;13;0
01.06.2016;4;21,75;16;0
02.06.2016;1;21,5;13;NULL
03.06.2016;0;21,875;10;NULL
04.06.2016;0;24,5;7;NULL
05.06.2016;0;25,25;9;NULL
06.06.2016;1;22,875;15;NULL
07.06.2016;1;25,375;8;NULL
08.06.2016;4;18,875;13;NULL
09.06.2016;1;19,5;16;NULL
10.06.2016;3;18,125;13;NULL
11.06.2016;0;17,375;12;NULL
12.06.2016;7;13,875;7;61
13.06.2016;7;15,25;11;63
14.06.2016;7;16,5;8;61
15.06.2016;6;18,25;8;95
16.06.2016;6;18,25;7;63
17.06.2016;6;18,125;10;21
18.06.2016;6;18;12;21
19.06.2016;7;16;14;NULL
20.06.2016;4;20,875;10;61
21.06.2016;4;19,875;9;NULL
22.06.2016;5;22,125;9;61
23.06.2016;5;27,875;8;NULL
24.06.2016;5;24,125;9;NULL
25.06.2016;7;18,25;14;95
26.06.2016;5;19,25;11;0
27.06.2016;7;19,375;10;61
28.06.2016;4;18,375;11;21
29.06.2016;5;18,75;9;21
30.06.2016;7;18,25;9;61
01.07.2016;8;19,25;7;63
02.07.2016;7;15,625;12;61
03.07.2016;4;17,125;12;61
04.07.2016;6;17,25;10;61
05.07.2016;7;17,125;10;95
06.07.2016;5;16,5;22;21
07.07.2016;6;18,25;11;21
08.07.2016;6;19,125;8;63
09.07.2016;5;19,125;12;NULL
10.07.2016;6;24,125;8;NULL
11.07.2016;6;20;13;21
12.07.2016;4;19,125;14;95
13.07.2016;6;16,375;6;63
14.07.2016;7;16,375;12;53
15.07.2016;7;17;16;61
16.07.2016;7;18;10;61
17.07.2016;7;17,25;9;61
18.07.2016;7;18,5;15;21
19.07.2016;6;22,375;12;20
20.07.2016;0;26;9;NULL
21.07.2016;3;25,875;8;NULL
22.07.2016;3;26;6;21
23.07.2016;3;25,375;9;NULL
24.07.2016;0;25,25;10;NULL
25.07.2016;4;25,375;7;95
26.07.2016;3;21,875;9;20
27.07.2016;4;21,375;6;NULL
28.07.2016;4;21,25;7;20
29.07.2016;6;21;10;65
30.07.2016;4;19,625;10;65
31.07.2016;7;17,375;6;61
01.08.2016;3;18,5;14;61
02.08.2016;4;19,75;7;20
03.08.2016;7;19,375;9;61
04.08.2016;6;20,375;11;61
05.08.2016;4;20,5;15;21
06.08.2016;5;17,5;14;95
07.08.2016;6;21,125;13;21
08.08.2016;5;19;18;21
09.08.2016;5;15,375;18;21
10.08.2016;4;14,5;15;95
11.08.2016;7;13,875;9;61
12.08.2016;7;18,25;12;61
13.08.2016;7;18,125;12;61
14.08.2016;6;18,125;12;21
15.08.2016;5;18,625;11;NULL
16.08.2016;2;19,375;10;NULL
17.08.2016;0;19,571428;8;NULL
18.08.2016;3;18,25;9;NULL
19.08.2016;3;20,375;8;NULL
20.08.2016;7;20,25;9;61
21.08.2016;4;19,875;9;21
22.08.2016;7;18,375;10;65
23.08.2016;6;21,75;8;NULL
24.08.2016;0;25,375;6;NULL
25.08.2016;0;28,375;6;NULL
26.08.2016;0;27,75;13;NULL
27.08.2016;0;20,375;8;NULL
28.08.2016;4;21,875;12;63
29.08.2016;3;18,5;15;21
30.08.2016;2;20,25;12;NULL
31.08.2016;0;23,125;6;NULL
01.09.2016;5;20,25;13;21
02.09.2016;4;19,125;8;61
03.09.2016;5;19,25;12;21
04.09.2016;6;19,25;8;61
05.09.2016;0;19,125;12;0
06.09.2016;2;21,75;6;NULL
07.09.2016;0;23,625;6;NULL
08.09.2016;0;25,625;7;NULL
09.09.2016;2;21,375;10;0
10.09.2016;0;23,875;6;NULL
11.09.2016;6;20,875;10;NULL
12.09.2016;0;25,375;8;NULL
13.09.2016;0;27,875;8;NULL
14.09.2016;0;25,25;9;NULL
15.09.2016;0;23,75;13;NULL
16.09.2016;4;22,75;8;0
17.09.2016;5;18,875;14;NULL
18.09.2016;7;16,75;15;21
19.09.2016;7;17;9;NULL
20.09.2016;5;17,5;8;NULL
21.09.2016;3;18,375;10;NULL
22.09.2016;4;18,5;6;NULL
23.09.2016;4;18,625;12;21
24.09.2016;0;18,625;6;NULL
25.09.2016;0;21,375;8;NULL
26.09.2016;4;18,25;6;0
27.09.2016;0;19,875;6;0
28.09.2016;6;19,125;19;NULL
29.09.2016;7;17,375;13;61
30.09.2016;6;14;11;61
01.10.2016;3;15,875;6;NULL
02.10.2016;3;15,75;7;21
03.10.2016;7;14,375;18;61
04.10.2016;5;13,25;16;NULL
05.10.2016;3;12;19;NULL
06.10.2016;7;11,25;17;20
07.10.2016;7;11,125;15;0
08.10.2016;5;11,625;16;NULL
09.10.2016;7;9,125;10;61
10.10.2016;7;11,125;10;61
11.10.2016;7;9,875;20;61
12.10.2016;7;9,75;18;63
13.10.2016;6;10,875;15;0
14.10.2016;7;9,125;13;61
15.10.2016;8;8,625;12;61
16.10.2016;8;11,375;6;10
17.10.2016;8;9,75;6;10
18.10.2016;7;13,25;6;28
19.10.2016;8;7,625;4;61
20.10.2016;7;10,125;10;21
21.10.2016;6;9,875;10;61
22.10.2016;8;8,125;12;61
23.10.2016;7;8,625;4;21
24.10.2016;5;9,25;8;10
25.10.2016;5;9;8;0
26.10.2016;6;7,375;6;10
27.10.2016;7;13,375;9;21
28.10.2016;6;12,75;15;21
29.10.2016;4;11,375;16;20
30.10.2016;4;11;9;5
31.10.2016;7;12,125;6;61
01.11.2016;6;10,125;12;61
02.11.2016;4;7,25;13;21
03.11.2016;4;5,875;5;NULL
04.11.2016;7;7,875;8;61
05.11.2016;7;5,5;5;61
06.11.2016;7;6,625;6;61
07.11.2016;7;3,5;14;61
08.11.2016;7;0,75;14;71
09.11.2016;0;1,25;4;10
10.11.2016;7;4;8;22
11.11.2016;4;4,875;10;21
12.11.2016;3;1,625;6;49
13.11.2016;4;1,375;9;5
14.11.2016;4;2;10;5
15.11.2016;7;7,75;9;61
16.11.2016;7;8,75;11;61
17.11.2016;6;7,75;9;21
18.11.2016;4;7,25;13;21
19.11.2016;6;6,625;11;21
20.11.2016;6;6,375;12;63
21.11.2016;7;11,5;6;61
22.11.2016;7;12,125;7;NULL
23.11.2016;7;10;5;10
24.11.2016;0;4,5;8;10
25.11.2016;7;4;4;45
26.11.2016;7;5,875;10;61
27.11.2016;0;5,625;9;5
28.11.2016;1;2,875;11;NULL
29.11.2016;3;3;9;10
30.11.2016;7;6,25;12;61
01.12.2016;8;8,5;19;61
02.12.2016;0;3,625;8;0
03.12.2016;4;-0,75;6;49
04.12.2016;8;4,125;6;NULL
05.12.2016;7;3;7;NULL
06.12.2016;7;6,25;5;61
07.12.2016;7;4,5;10;61
08.12.2016;8;8,625;12;10
09.12.2016;7;8,875;13;20
10.12.2016;7;9,5;10;61
12.12.2016;7;4,875;4;61
13.12.2016;7;6,285714;5;10
14.12.2016;7;4,625;6;45
15.12.2016;7;0;8;49
16.12.2016;8;-1;5;10
17.12.2016;8;2,125;6;10
18.12.2016;7;7;8;0
19.12.2016;8;5,75;4;0
20.12.2016;8;1,5;7;10
21.12.2016;6;3,625;10;10
22.12.2016;7;5,25;8;61
23.12.2016;7;6,375;9;10
24.12.2016;6;6,125;14;95
25.12.2016;7;9,375;16;61
26.12.2016;4;6,875;25;22
27.12.2016;6;8,25;21;NULL
28.12.2016;4;7,125;12;0
29.12.2016;3;3,75;11;10
30.12.2016;4;1,75;10;10
31.12.2016;7;4,875;13;28
01.01.2017;8;5,5;12;61
02.01.2017;3;1,625;8;0
03.01.2017;7;6;16;61
04.01.2017;4;4;19;20
05.01.2017;4;-2,875;15;0
06.01.2017;1;-4,25;6;NULL
07.01.2017;8;-0,5;11;71
08.01.2017;8;2,25;4;10
09.01.2017;8;2,5;6;20
10.01.2017;7;2,625;9;10
11.01.2017;7;4,625;15;61
12.01.2017;4;4,5;16;61
13.01.2017;3;3,125;7;61
14.01.2017;2;1,75;10;61
15.01.2017;5;1,375;10;71
16.01.2017;0;0,25;9;0
17.01.2017;7;0,5;4;10
18.01.2017;7;0,125;8;20
19.01.2017;8;1,5;8;61
20.01.2017;8;3,625;5;21
21.01.2017;7;5,75;5;10
22.01.2017;8;1,375;5;10
23.01.2017;7;1,125;8;10
24.01.2017;7;1,875;8;45
25.01.2017;7;-1,25;6;49
26.01.2017;6;1;7;10
27.01.2017;0;2,142857;7;5
28.01.2017;1;2,875;5;5
29.01.2017;7;4,75;8;61
30.01.2017;7;2,625;13;61
31.01.2017;7;3,125;15;10
01.02.2017;7;1,125;8;20
02.02.2017;7;1,75;6;61
03.02.2017;7;1,625;6;45
04.02.2017;7;5,75;6;61
05.02.2017;8;2;10;61
06.02.2017;7;2,5;12;61
07.02.2017;7;0;12;77
08.02.2017;8;-2;8;77
09.02.2017;8;-2,125;11;22
10.02.2017;7;-1,75;16;10
11.02.2017;7;0;17;0
12.02.2017;8;0,375;17;10
13.02.2017;0;-0,25;10;10
14.02.2017;2;-0,75;8;49
15.02.2017;0;5,875;4;5
16.02.2017;7;6,25;10;61
17.02.2017;7;6;9;61
18.02.2017;7;4,625;12;20
19.02.2017;7;5,625;8;61
20.02.2017;7;8;16;61
21.02.2017;6;7,625;18;NULL
22.02.2017;6;7,375;20;61
23.02.2017;7;4,375;22;63
24.02.2017;1;4,125;15;21
25.02.2017;7;3,375;12;61
26.02.2017;7;7,5;11;61
27.02.2017;8;10,75;11;NULL
28.02.2017;6;6;15;21
01.03.2017;6;5;14;63
02.03.2017;3;6,5;16;21
03.03.2017;2;8,375;10;0
04.03.2017;6;9,125;5;5
05.03.2017;7;7,375;12;61
06.03.2017;8;3,75;17;0
07.03.2017;7;1,75;7;20
08.03.2017;6;5,75;9;61
09.03.2017;7;7,375;8;21
10.03.2017;4;8,75;16;0
11.03.2017;2;7,75;9;0
12.03.2017;6;6,375;9;NULL
13.03.2017;7;6,625;7;5
14.03.2017;6;10,5;13;0
15.03.2017;0;9,25;16;5
16.03.2017;5;11,75;9;NULL
17.03.2017;6;6,75;18;63
18.03.2017;5;6,875;22;21
19.03.2017;8;3,875;9;79
20.03.2017;7;10,25;8;61
21.03.2017;5;8,75;20;21
22.03.2017;0;10,75;11;0
23.03.2017;4;8,125;11;NULL
24.03.2017;0;10,5;7;0
25.03.2017;3;9,875;12;0
26.03.2017;3;9,375;7;0
27.03.2017;0;12,5;11;10
28.03.2017;0;13,875;7;0
29.03.2017;8;10;13;21
30.03.2017;7;16;12;61
31.03.2017;0;19,75;7;NULL
01.04.2017;2;15,75;7;0
02.04.2017;2;13,375;13;0
03.04.2017;2;10,375;8;NULL
04.04.2017;2;12,625;8;0
05.04.2017;5;9,875;18;21
06.04.2017;6;10;17;0
07.04.2017;6;11,125;18;20
08.04.2017;7;10,875;12;NULL
09.04.2017;0;16;9;5
10.04.2017;7;9,5;19;21
11.04.2017;5;8,75;18;21
12.04.2017;7;8,75;13;61
13.04.2017;7;9;18;61
14.04.2017;7;9,25;12;63
15.04.2017;6;8,125;23;63
16.04.2017;7;6,875;7;61
17.04.2017;6;6,25;10;61
18.04.2017;4;5,625;15;NULL
19.04.2017;0;6,375;10;0
20.04.2017;7;8,25;12;NULL
21.04.2017;7;11,875;19;61
22.04.2017;5;7,5;21;61
23.04.2017;4;7,875;20;21
24.04.2017;7;8,875;17;63
25.04.2017;5;5,5;15;69
26.04.2017;6;7,625;7;61
27.04.2017;6;8,625;13;61
28.04.2017;7;8,625;10;61
29.04.2017;4;7,125;9;61
30.04.2017;1;11,875;12;0
01.05.2017;1;11,75;19;5
02.05.2017;2;10,875;21;5
03.05.2017;3;11,25;20;5
04.05.2017;7;10,625;19;NULL
05.05.2017;7;8,25;15;61
06.05.2017;7;11;7;0
07.05.2017;0;17,125;9;0
08.05.2017;1;9,75;19;5
09.05.2017;4;10;12;NULL
10.05.2017;7;9,25;11;61
11.05.2017;0;13,375;14;NULL
12.05.2017;7;12,75;13;61
13.05.2017;6;17,875;6;21
14.05.2017;2;18,75;12;0
15.05.2017;3;17,375;9;0
16.05.2017;7;14,125;8;61
17.05.2017;6;23,125;7;NULL
18.05.2017;4;23,125;12;NULL
19.05.2017;6;17,375;7;21
20.05.2017;4;16;12;NULL
21.05.2017;1;18,625;12;NULL
22.05.2017;0;17,75;9;NULL
23.05.2017;4;22,125;15;95
24.05.2017;3;17,125;18;0
25.05.2017;2;18,875;12;NULL
26.05.2017;0;20,75;6;0
27.05.2017;0;24,75;7;NULL
28.05.2017;1;22,375;14;61
29.05.2017;5;18,75;7;0
30.05.2017;6;20,5;14;5
31.05.2017;5;15,5;18;5
01.06.2017;0;17,375;12;5
02.06.2017;0;20,25;9;NULL
03.06.2017;7;17,5;5;61
04.06.2017;5;17,125;14;61
05.06.2017;1;20,125;9;0
06.06.2017;4;21,625;10;61
07.06.2017;7;12,25;14;63
08.06.2017;7;14,875;8;61
09.06.2017;6;20,25;14;95
10.06.2017;5;19,25;10;0
11.06.2017;2;25;11;NULL
12.06.2017;7;16,25;16;61
13.06.2017;6;16,125;16;21
14.06.2017;7;19,125;9;NULL
15.06.2017;3;22,75;6;21
16.06.2017;5;17,375;20;21
17.06.2017;0;20,125;15;0
18.06.2017;2;24,25;9;NULL
19.06.2017;1;25,375;7;0
20.06.2017;0;20,75;12;0
21.06.2017;3;18,75;10;NULL
22.06.2017;3;20,25;10;95
23.06.2017;7;17,25;14;61
24.06.2017;6;17,875;19;61
25.06.2017;7;17,25;16;20
26.06.2017;3;17,375;16;21
27.06.2017;3;16,375;9;NULL
28.06.2017;6;19,75;18;NULL
29.06.2017;7;17,875;8;61
30.06.2017;7;14,875;11;63
01.07.2017;7;17,625;10;21
02.07.2017;7;17,125;18;21
03.07.2017;7;18,625;14;95
04.07.2017;6;17,25;15;NULL
05.07.2017;2;19;9;NULL
06.07.2017;0;18,375;8;NULL
07.07.2017;5;20,625;7;61
08.07.2017;4;20,625;16;21
09.07.2017;1;19,125;9;NULL
10.07.2017;7;17,5;6;61
11.07.2017;6;19,875;11;95
12.07.2017;7;14,75;12;61
13.07.2017;6;16,875;15;NULL
14.07.2017;3;19,5;8;NULL
15.07.2017;7;18,75;10;21
16.07.2017;8;17,375;9;61
17.07.2017;6;18,5;12;NULL
18.07.2017;5;18,75;7;NULL
19.07.2017;1;22,5;13;0
20.07.2017;7;21,5;5;61
21.07.2017;2;20,5;10;NULL
22.07.2017;7;18,5;9;63
23.07.2017;6;19,375;12;61
24.07.2017;7;18,75;10;21
25.07.2017;7;16,25;16;63
26.07.2017;0;20,875;10;NULL
27.07.2017;6;19,5;10;61
28.07.2017;6;18,125;17;61
29.07.2017;5;19,625;11;61
30.07.2017;5;24;11;61
31.07.2017;2;22,75;9;NULL
01.08.2017;6;21,375;7;21
02.08.2017;5;21,375;8;61
03.08.2017;7;20,125;10;95
04.08.2017;6;19,625;18;21
05.08.2017;4;20,125;12;NULL
06.08.2017;3;18,5;13;21
07.08.2017;2;22,4875;8;NULL
08.08.2017;6;23,0625;8;21
09.08.2017;1;21,125;11;0
10.08.2017;6;19,6;9;NULL
11.08.2017;7;16,375;8;61
12.08.2017;7;15,5625;8;61
13.08.2017;4;17,825;11;21
14.08.2017;1;18,6375;12;0
15.08.2017;2;25,0625;9;NULL
16.08.2017;3;20,8625;8;0
17.08.2017;5;21,8;10;63
18.08.2017;6;19,6625;7;0
19.08.2017;5;16,9375;11;63
20.08.2017;6;16,0125;10;61
21.08.2017;7;17,2;15;61
22.08.2017;4;17,6125;11;NULL
23.08.2017;0;19,4375;9;5
24.08.2017;3;19,4875;14;21
25.08.2017;3;19,7625;13;NULL
26.08.2017;4;19,525;7;0
27.08.2017;4;19,6625;13;21
28.08.2017;4;20,5375;5;NULL
29.08.2017;0;24,6;9;NULL
30.08.2017;6;20;11;61
31.08.2017;7;14,8875;11;61
01.09.2017;4;17,3;7;61
02.09.2017;4;16,525;8;21
03.09.2017;3;17,4;7;0
04.09.2017;0;18,2875;10;0
05.09.2017;3;20,95;6;NULL
06.09.2017;7;18,2;17;63
07.09.2017;5;17,2875;16;21
08.09.2017;7;14,9375;10;61
09.09.2017;7;15,025;9;61
10.09.2017;2;17,65;11;0
11.09.2017;3;17,8625;11;21
12.09.2017;5;16,1;12;21
13.09.2017;7;13,3375;20;63
14.09.2017;7;13,2375;13;61
15.09.2017;6;14,425;11;21
16.09.2017;8;11,9125;6;61
17.09.2017;7;15,25;7;61
18.09.2017;2;15,075;4;0
19.09.2017;5;14,3875;8;65
20.09.2017;7;14,225;10;61
21.09.2017;4;16,9625;7;10
22.09.2017;1;15,5875;8;0
23.09.2017;0;15,85;9;0
24.09.2017;7;15,8125;9;53
25.09.2017;6;16,225;15;21
26.09.2017;7;15,725;12;10
27.09.2017;7;16,575;10;61
28.09.2017;7;15,1125;7;21
29.09.2017;2;19,1;6;10
30.09.2017;7;15,1125;6;61
01.10.2017;2;16,2875;6;NULL
02.10.2017;6;15,15;13;61
03.10.2017;5;14,2625;14;61
06.10.2017;1;13,8875;13;3
07.10.2017;7;10,65;10;61
08.10.2017;0;12,025;12;5
09.10.2017;5;12,475;8;20
10.10.2017;7;14,05;9;63
11.10.2017;7;14,6375;12;63
12.10.2017;6;13,1875;24;21
13.10.2017;6;14,1625;8;10
14.10.2017;8;15,7625;12;61
15.10.2017;2;17,8125;5;28
16.10.2017;5;17,9375;7;10
17.10.2017;7;14,725;13;NULL
18.10.2017;4;14,8125;6;0
19.10.2017;6;14,85;9;10
20.10.2017;7;14,175;6;61
21.10.2017;7;13,0375;6;61
22.10.2017;7;11,025;7;61
23.10.2017;7;11,95;8;61
24.10.2017;7;11,925;8;61
25.10.2017;7;14,225;16;61
26.10.2017;5;13,475;12;NULL
27.10.2017;4;11,95;13;NULL
28.10.2017;7;11,2125;17;61
29.10.2017;2;9,9;20;21
30.10.2017;NULL;8,1;11;NULL
31.10.2017;NULL;8,925;7;NULL
01.11.2017;NULL;12,975;12;NULL
02.11.2017;NULL;11,6875;13;NULL
03.11.2017;NULL;9,4375;7;NULL
04.11.2017;NULL;10,2625;5;NULL
05.11.2017;NULL;9,8;8;NULL
06.11.2017;NULL;8,2125;7;NULL
07.11.2017;NULL;6,7875;5;NULL
08.11.2017;NULL;8,625;9;NULL
09.11.2017;6;8,55;9;10
10.11.2017;7;7,5375;16;61
11.11.2017;5;5,2375;8;63
12.11.2017;7;5,575;7;61
13.11.2017;2;5,9;9;10
14.11.2017;7;6,3875;11;61
15.11.2017;7;9,375;7;61
16.11.2017;8;8,8125;8;61
17.11.2017;3;7,725;10;21
18.11.2017;5;5,35;12;65
19.11.2017;3;6,25;15;21
20.11.2017;6;5,9625;6;NULL
21.11.2017;7;4,9875;5;61
22.11.2017;7;10,6125;10;61
23.11.2017;7;12,225;16;61
24.11.2017;7;6,9875;8;61
25.11.2017;7;2,775;5;45
26.11.2017;7;4,65;12;61
27.11.2017;7;4,5625;14;61
28.11.2017;7;5,4875;12;61
29.11.2017;7;4,225;6;61
30.11.2017;7;2,8125;4;10
01.12.2017;6;4,3625;8;68
02.12.2017;7;0,375;8;61
03.12.2017;7;5,225;7;61
04.12.2017;2;5,3375;12;NULL
05.12.2017;7;8,65;17;21
06.12.2017;7;8,9;17;0
07.12.2017;8;5,7625;13;61
08.12.2017;6;1,675;10;73
09.12.2017;3;3,5125;10;61
10.12.2017;7;0,9875;9;22
11.12.2017;8;2,2375;14;61
12.12.2017;7;1,55;12;68
13.12.2017;7;1,9875;12;69
14.12.2017;7;3,025;12;61
15.12.2017;7;3,0375;9;20
16.12.2017;1;3,275;10;10
17.12.2017;3;1,1375;7;10
18.12.2017;5;2,4625;6;10
19.12.2017;7;5,9125;7;20
20.12.2017;7;6,6375;6;20
21.12.2017;7;6,2375;10;21
22.12.2017;7;5,7625;9;10
23.12.2017;7;7,8;19;61
24.12.2017;7;8,1125;16;61
25.12.2017;7;8,7;14;61
26.12.2017;7;6,25;14;61
27.12.2017;7;4,6125;7;21
28.12.2017;4;4,0875;11;61
29.12.2017;5;2,8125;11;61
30.12.2017;7;4,05;10;61
31.12.2017;7;8,25;16;63
01.01.2018;6;6,6125;17;61
02.01.2018;6;5,7;8;61
03.01.2018;7;6,475;11;61
04.01.2018;6;5,5125;7;61
05.01.2018;8;4,325;10;61
06.01.2018;7;3,1875;8;61
07.01.2018;0;0,65;8;NULL
08.01.2018;1;0,9875;7;5
09.01.2018;4;3,1625;11;0
10.01.2018;6;4,0125;6;21
11.01.2018;7;3,8375;10;61
12.01.2018;7;2,275;10;10
13.01.2018;8;1,275;8;10
14.01.2018;1;0,325;8;5
15.01.2018;7;1,5625;12;61
16.01.2018;7;3,3625;9;61
17.01.2018;6;1,8125;10;61
18.01.2018;7;1,1625;17;73
19.01.2018;6;1,975;10;73
20.01.2018;8;1,75;7;61
21.01.2018;6;-0,6125;3;49
22.01.2018;7;0,675;7;77
23.01.2018;7;4,6625;7;61
24.01.2018;8;11,6;14;61
25.01.2018;7;7,95;9;21
26.01.2018;6;5,9625;5;45
27.01.2018;8;5,6375;9;10
28.01.2018;6;7,6625;16;61
29.01.2018;7;7,55;21;63
30.01.2018;4;5,7375;15;10
31.01.2018;7;6,3;15;61
01.02.2018;7;3,5125;11;61
02.02.2018;7;3,45;6;61
03.02.2018;7;-1,1625;8;71
04.02.2018;7;0,825;18;73
05.02.2018;7;-0,2375;10;22
06.02.2018;1;-0,8625;5;10
07.02.2018;0;-1,285714;4;5
08.02.2018;0;-0,0125;6;5
09.02.2018;1;-0,2625;7;10
10.02.2018;1;0,5625;4;10
11.02.2018;7;2,3375;11;75
12.02.2018;5;1,825;15;75
13.02.2018;0;2,6875;7;10
14.02.2018;0;2,95;8;5
15.02.2018;7;0,675;11;73
16.02.2018;5;4,8625;12;21
17.02.2018;8;4,125;5;10
18.02.2018;5;4,375;8;0
19.02.2018;5;4,9125;4;5
20.02.2018;1;3,375;11;10
21.02.2018;6;2,175;7;22
22.02.2018;7;1,1125;7;20
23.02.2018;1;0,4375;12;5
24.02.2018;6;0,125;15;71
25.02.2018;7;-2,9625;14;71
26.02.2018;5;-1,5375;18;NULL
27.02.2018;6;-3,425;16;71
28.02.2018;5;-6,1375;16;5
01.03.2018;6;-3,95;18;71
02.03.2018;6;-4,9625;15;71
03.03.2018;0;-3,4375;13;5
04.03.2018;5;-2,3125;10;77
05.03.2018;5;5,9875;7;10
06.03.2018;0;6,4;9;5
07.03.2018;7;1,1875;6;71
08.03.2018;5;4,4625;8;61
09.03.2018;7;4,45;13;61
10.03.2018;8;3,4;10;63
11.03.2018;5;11,475;7;45
12.03.2018;7;6,5375;5;61
13.03.2018;7;4,2625;12;61
14.03.2018;8;3,2;8;21
15.03.2018;8;2,4625;20;NULL
16.03.2018;7;0,2;28;22
17.03.2018;5;-2,225;29;73
18.03.2018;1;-0,825;23;5
19.03.2018;0;2,3;8;5
20.03.2018;0;4,2125;17;5
21.03.2018;7;4,7;13;22
22.03.2018;8;5,7625;11;61
23.03.2018;8;4,425;5;22
24.03.2018;7;7,125;4;5
25.03.2018;7;7,625;6;0
26.03.2018;7;5,0375;8;61
27.03.2018;7;5,325;9;10
28.03.2018;7;3,725;14;61
29.03.2018;7;0,9;8;71
30.03.2018;1;3,225;13;5
31.03.2018;7;2,225;17;NULL
01.04.2018;6;2,525;9;71
02.04.2018;5;6,1;8;5
03.04.2018;7;11,775;9;61
04.04.2018;4;13,2125;9;61
05.04.2018;7;8,6625;19;61
06.04.2018;1;9,9875;10;5
07.04.2018;0;14,75;9;5
08.04.2018;0;20,5;5;5
09.04.2018;5;15,3125;9;5
10.04.2018;8;5,1625;21;10
11.04.2018;8;4,7125;22;NULL
12.04.2018;5;7,975;19;5
13.04.2018;6;8,7125;15;61
14.04.2018;8;7,675;10;61
15.04.2018;8;9,5375;7;61
16.04.2018;2;13,875;8;63
17.04.2018;0;15,25;11;0
18.04.2018;1;20,35;11;0
19.04.2018;0;23,1125;5;0
20.04.2018;0;24,375;13;0
21.04.2018;1;15,6625;10;5
22.04.2018;1;14,525;11;5
23.04.2018;4;14,4;18;5
24.04.2018;5;12,0875;21;61
25.04.2018;7;9,25;13;61
26.04.2018;6;11,0875;18;61
27.04.2018;5;13,0875;8;0
28.04.2018;7;14,65;8;61
29.04.2018;7;8,875;9;21
30.04.2018;7;11,55;10;95
01.05.2018;7;6,9875;13;63
02.05.2018;1;14,725;9;5
03.05.2018;1;12,5;14;0
04.05.2018;0;12,1875;10;5
05.05.2018;0;14,75;9;5
06.05.2018;0;18,9125;10;NULL
07.05.2018;0;20,825;11;0
08.05.2018;0;22,3875;14;5
09.05.2018;0;23,3;12;NULL
10.05.2018;5;20,525;9;95
11.05.2018;1;15,1;8;NULL
12.05.2018;5;17,3375;10;0
13.05.2018;2;17,25;12;10
14.05.2018;0;18,8875;11;5
15.05.2018;0;18;9;0
16.05.2018;5;20,5625;13;21
17.05.2018;3;15,2875;10;5
18.05.2018;7;14,75;9;0
19.05.2018;6;14,9125;8;0
20.05.2018;0;18,9;13;5
21.05.2018;0;18,5125;16;5
22.05.2018;0;20,325;13;5
23.05.2018;0;20,1625;10;0
24.05.2018;0;20,35;15;5
25.05.2018;0;19,775;16;5
26.05.2018;0;19,875;11;5
27.05.2018;7;16,425;12;20
28.05.2018;2;20,2125;10;5
29.05.2018;0;23,4625;14;5
30.05.2018;1;23,1875;11;17
31.05.2018;0;21,8875;14;5
01.06.2018;0;21,375;12;5
02.06.2018;1;22,8875;10;5
03.06.2018;7;19,275;9;0
04.06.2018;5;19,25;14;20
05.06.2018;0;19,7;10;5
06.06.2018;0;22,15;14;5
07.06.2018;0;23,6875;10;NULL
08.06.2018;0;22,7375;9;0
09.06.2018;6;22,1125;7;61
10.06.2018;7;19,1;8;61
11.06.2018;6;18,5125;15;NULL
12.06.2018;8;15,3125;12;20
13.06.2018;7;16,4;14;61
14.06.2018;5;20,9;10;NULL
15.06.2018;4;19,2;7;0
16.06.2018;5;21,325;7;95
17.06.2018;5;18,275;12;61
18.06.2018;7;17,6375;9;61
19.06.2018;3;19,2375;16;21
20.06.2018;3;23,65;13;0
21.06.2018;7;11,5625;15;65
22.06.2018;5;15,575;20;61
23.06.2018;7;14,3;18;61
24.06.2018;6;16,2375;10;21
25.06.2018;6;17,175;13;21
26.06.2018;3;20,075;6;21
27.06.2018;0;22,0125;11;5
28.06.2018;0;22,125;9;0
29.06.2018;0;21,85;15;5
30.06.2018;0;21,2375;10;5
01.07.2018;0;21,0625;12;5
02.07.2018;0;22,525;11;5
03.07.2018;0;22,4875;9;5
04.07.2018;5;19,7;9;NULL
05.07.2018;7;17,5;12;20
06.07.2018;0;20,5125;18;5
07.07.2018;0;20,25;19;5
08.07.2018;0;23;10;5
09.07.2018;6;16,75;18;0
10.07.2018;2;18,675;15;5
11.07.2018;7;19,625;12;21
12.07.2018;1;26,075;14;NULL
13.07.2018;0;23,975;13;5
14.07.2018;7;17,7625;12;0
15.07.2018;2;23,2;9;5
16.07.2018;0;24,25;9;5
17.07.2018;0;26,775;10;NULL
18.07.2018;3;23,866666;13;0
19.07.2018;2;22,575;13;NULL
20.07.2018;0;22,775;9;0
21.07.2018;0;25,0625;10;0
22.07.2018;1;25,0375;13;5
23.07.2018;3;24,8375;10;NULL
24.07.2018;0;28,1;10;5
25.07.2018;1;28,425;11;61
26.07.2018;0;28,875;12;5
27.07.2018;0;27,5875;16;5
28.07.2018;3;28,75;11;95
29.07.2018;0;24,55;6;NULL
30.07.2018;6;27,7875;10;21
31.07.2018;5;31,2875;11;NULL
01.08.2018;0;23,7625;10;0
02.08.2018;0;26,1875;10;0
03.08.2018;1;27,6625;10;0
04.08.2018;4;25,1375;12;NULL
05.08.2018;7;21,3;14;61
06.08.2018;0;23,1;5;0
07.08.2018;0;32,671428;7;NULL
08.08.2018;4;28,15;10;NULL
09.08.2018;5;24,575;13;21
10.08.2018;5;17,325;16;61
11.08.2018;6;15,5;13;61
12.08.2018;7;18,375;9;61
13.08.2018;7;21,9125;8;61
14.08.2018;5;21,8;16;61
15.08.2018;6;21,9875;13;21
16.08.2018;3;25,075;9;0
17.08.2018;7;19,55;9;61
18.08.2018;4;21,75;10;NULL
19.08.2018;7;21,3875;10;NULL
20.08.2018;6;19,6;13;21
21.08.2018;4;19,7875;8;NULL
22.08.2018;0;26,6375;8;NULL
23.08.2018;5;22,575;11;5
24.08.2018;5;17,1;15;61
25.08.2018;7;12,9;6;63
26.08.2018;3;16,9875;12;21
27.08.2018;6;16,5375;13;63
28.08.2018;6;18,6125;9;61
29.08.2018;0;22,7;12;0
30.08.2018;7;15,4625;13;63
31.08.2018;4;18,725;11;0
01.09.2018;2;18,1125;8;NULL
02.09.2018;1;18,95;11;5
03.09.2018;2;21,0125;13;21
04.09.2018;1;20,525;11;5
05.09.2018;2;20,2875;11;0
06.09.2018;0;21,275;11;0
07.09.2018;7;17,475;12;61
10.09.2018;5;19,2375;12;NULL
11.09.2018;7;16,55;12;61
12.09.2018;7;14,3;11;61
13.09.2018;4;17,3375;7;0
14.09.2018;3;17,1125;9;NULL
21.09.2018;6;14,957142;16;61
22.09.2018;4;13,025;20;61
23.09.2018;6;11,65;6;61
24.09.2018;2;11,2875;17;21
25.09.2018;3;12,7625;9;0
26.09.2018;7;14,2375;16;61
27.09.2018;7;17,6;13;0
28.09.2018;1;12,8625;15;21
29.09.2018;6;13,1;10;61
30.09.2018;5;13,9625;12;21
01.10.2018;5;11,1625;12;21
02.10.2018;6;10;18;61
03.10.2018;4;12,2875;18;21
04.10.2018;7;14,2625;8;61
05.10.2018;0;18,1125;8;5
06.10.2018;1;14,3375;6;10
07.10.2018;1;11,4;10;5
08.10.2018;5;13,0625;10;NULL
09.10.2018;3;15,125;9;0
10.10.2018;0;17,1;6;10
11.10.2018;0;19,633333;7;0
12.10.2018;0;21,4125;7;NULL
15.10.2018;0;20,7875;6;0
16.10.2018;7;19,0625;6;10
17.10.2018;2;20,8375;5;5
18.10.2018;1;12,816666;12;5
19.10.2018;3;10,925;6;5
22.10.2018;2;11,1;14;0
23.10.2018;7;11,925;23;63
24.10.2018;4;10,357142;11;0
25.10.2018;6;11,125;19;21
26.10.2018;7;10,325;9;63
27.10.2018;7;5,8375;13;63
28.10.2018;2;5,5875;14;0
29.10.2018;7;7,3625;17;21
30.10.2018;7;10,6375;11;20
31.10.2018;5;9,9;10;0
01.11.2018;5;11,725;8;0
02.11.2018;6;10,675;12;61
03.11.2018;0;8,7;5;10
04.11.2018;8;8,225;5;10
05.11.2018;8;10,4125;6;10
06.11.2018;7;8,5375;5;45
07.11.2018;1;11,0875;4;28
08.11.2018;6;11,625;7;20
09.11.2018;7;9,3;6;61
10.11.2018;7;11,425;8;61
11.11.2018;7;12,2375;8;61
12.11.2018;7;10,5375;4;61
13.11.2018;7;10,325;9;61
14.11.2018;7;8,4375;7;10
15.11.2018;2;10,35;6;5
16.11.2018;0;8,2625;7;10
17.11.2018;0;5,375;10;10
18.11.2018;7;6,75;14;0
19.11.2018;6;5,775;21;61
20.11.2018;7;4,725;16;NULL
21.11.2018;7;3,05;12;0
22.11.2018;8;1,5125;9;21
23.11.2018;8;1,8875;6;10
24.11.2018;8;3,025;4;10
25.11.2018;8;5,1625;12;53
26.11.2018;7;4,95;12;61
27.11.2018;8;2,1625;3;NULL
28.11.2018;3;1,5;10;5
29.11.2018;7;3,3;10;61
30.11.2018;5;7,8375;8;NULL
01.12.2018;7;7,1625;8;61
02.12.2018;7;8,15;8;61
03.12.2018;7;10,825;12;61
04.12.2018;1;5,442857;14;21
05.12.2018;1;3,7375;6;0
06.12.2018;7;6,725;7;61
07.12.2018;7;10,825;9;61
08.12.2018;8;7,475;18;61
09.12.2018;7;6,95;18;61
10.12.2018;5;4,9125;15;21
11.12.2018;6;4,6375;11;NULL
12.12.2018;7;4,175;12;21
13.12.2018;7;2,925;10;61
14.12.2018;7;2,175;12;22
15.12.2018;7;0,5375;7;NULL
16.12.2018;7;0,2;9;NULL
17.12.2018;8;0,65;6;20
18.12.2018;7;5,3125;6;21
19.12.2018;7;3,175;9;61
20.12.2018;7;4,8875;4;53
21.12.2018;7;6,1125;9;61
22.12.2018;8;4,3;4;NULL
23.12.2018;7;6,45;9;61
24.12.2018;7;2,5;10;22
25.12.2018;7;6,3625;16;NULL
26.12.2018;7;7,9125;12;0
27.12.2018;7;7,125;12;20
28.12.2018;7;7,3125;11;61
29.12.2018;8;7,675;10;61
30.12.2018;2;6,675;16;NULL
31.12.2018;7;7,3875;13;45
01.01.2019;6;6,2875;26;21
02.01.2019;0;3,9125;20;0
03.01.2019;2;0,725;6;NULL
04.01.2019;7;5,55;15;61
05.01.2019;5;7,85;8;21
06.01.2019;7;3,65;7;61
07.01.2019;8;5,9375;8;55
08.01.2019;6;5,5;19;21
09.01.2019;7;3,1375;22;0
10.01.2019;7;1,4;7;NULL
11.01.2019;6;6,8625;15;61
12.01.2019;7;6,0875;13;61
13.01.2019;7;7,6875;20;61
14.01.2019;2;1,9375;18;5
15.01.2019;7;6,6625;18;61
16.01.2019;7;7,2125;14;61
17.01.2019;7;4,1875;15;61
18.01.2019;1;1,2625;7;0
19.01.2019;2;0,925;4;49
20.01.2019;1;0,85;4;10
21.01.2019;6;-0,425;9;71
22.01.2019;5;0,1375;9;10
23.01.2019;4;-3,075;7;10
24.01.2019;8;-4,8125;6;22
25.01.2019;8;-3,3875;6;71
26.01.2019;7;3,8375;7;61
27.01.2019;8;4,9375;7;61
28.01.2019;8;2,75;5;20
29.01.2019;6;1,575;7;68
30.01.2019;5;1,6;10;NULL
31.01.2019;7;1,4;7;20
01.02.2019;7;-0,075;12;10
02.02.2019;8;1,7375;10;10
03.02.2019;1;2,5;9;0
04.02.2019;7;2,95;12;NULL
05.02.2019;7;4,6375;11;61
06.02.2019;7;3,6625;11;61
07.02.2019;7;6,0375;10;61
08.02.2019;7;6,5;11;61
09.02.2019;7;7,4;18;61
10.02.2019;7;5,125;7;61
11.02.2019;2;5,9375;16;0
12.02.2019;4;5,225;12;20
13.02.2019;8;7,5375;13;20
14.02.2019;3;7,4;10;10
15.02.2019;0;11,3375;7;0
16.02.2019;0;10,425;12;5
17.02.2019;3;11,625;5;5
18.02.2019;0;11,725;7;0
19.02.2019;7;6,75;15;63
20.02.2019;7;7,34;11;61
21.02.2019;8;7,675;12;61
22.02.2019;4;4,125;11;0
23.02.2019;6;4,775;6;NULL
24.02.2019;0;9,6875;9;5
25.02.2019;0;9,8125;9;21
26.02.2019;0;10,85;7;5
27.02.2019;1;13,4125;10;5
28.02.2019;5;7,8875;11;21
01.03.2019;7;5,6375;8;NULL
02.03.2019;7;5,4;7;NULL
03.03.2019;6;8,975;13;61
04.03.2019;6;7,5375;20;61
05.03.2019;5;6,8875;17;61
06.03.2019;7;6,7625;9;61
07.03.2019;6;9,65;19;61
08.03.2019;5;6,8875;26;61
09.03.2019;6;6,35;22;63
10.03.2019;6;6,8875;10;21
11.03.2019;5;4,075;6;61
12.03.2019;6;5,425;13;61
13.03.2019;7;5,8;15;63
14.03.2019;7;5,5625;12;61
15.03.2019;7;7,4875;25;61
16.03.2019;7;5,5875;11;61
17.03.2019;5;7,4;20;21
18.03.2019;5;6,325;21;61
19.03.2019;3;7,0125;11;5
20.03.2019;8;8,2875;12;53
21.03.2019;8;10,225;14;10
22.03.2019;7;9,7;6;20
23.03.2019;6;10,2625;15;10
24.03.2019;4;7,6625;12;0
25.03.2019;4;7,3375;17;21
26.03.2019;7;7,8375;16;21
27.03.2019;8;8,375;14;61
28.03.2019;8;10,7;9;NULL
29.03.2019;5;12,1125;11;21
30.03.2019;1;15,5;11;5
31.03.2019;0;7,6625;13;5
01.04.2019;0;8,05;13;5
02.04.2019;0;11,685714;10;5
03.04.2019;7;9,875;9;63
05.04.2019;2;12,0625;10;5
06.04.2019;0;12,7625;10;10
07.04.2019;0;12,8375;8;5
08.04.2019;1;9,1125;16;5
09.04.2019;1;6,6625;15;5
10.04.2019;0;6,275;14;5
11.04.2019;7;5,3375;12;22
12.04.2019;5;5,2125;11;22
13.04.2019;7;3,475;16;68
14.04.2019;7;5,9375;16;61
15.04.2019;2;7,35;14;5
16.04.2019;0;8,4375;15;5
17.04.2019;0;11,6625;14;5
18.04.2019;0;13,0125;14;5
19.04.2019;0;14,1;12;5
20.04.2019;0;13,125;8;NULL
21.04.2019;0;16,8125;10;NULL
22.04.2019;0;15,775;16;5
23.04.2019;0;14,225;19;5
24.04.2019;2;17,65;10;21
25.04.2019;0;19,6125;7;NULL
26.04.2019;7;14,975;16;95
27.04.2019;5;16,2125;13;0
28.04.2019;7;9,85;10;61
29.04.2019;3;13,6125;12;10
30.04.2019;6;17,65;11;0
01.05.2019;7;9,2625;15;20
02.05.2019;7;8,95;16;61
03.05.2019;6;8,7625;18;21
04.05.2019;5;7,3;15;61
05.05.2019;5;10,6875;15;NULL
06.05.2019;3;9,1625;18;61
07.05.2019;3;9,6625;14;21
08.05.2019;6;12,8125;8;61
09.05.2019;6;15;7;61
10.05.2019;7;10,4625;11;61
11.05.2019;1;11,525;9;NULL
12.05.2019;1;13,0125;16;5
13.05.2019;1;12,7125;11;5
14.05.2019;7;12,3375;9;NULL
15.05.2019;2;13,9;11;NULL
16.05.2019;7;12,475;15;61
17.05.2019;7;11,95;11;10
18.05.2019;3;16,4875;13;5
19.05.2019;4;14,2375;12;10
20.05.2019;3;16,8125;9;28
21.05.2019;7;16,425;10;61
22.05.2019;6;12,1;15;61
23.05.2019;5;18,2375;10;0
24.05.2019;2;18,4125;17;0
25.05.2019;7;13,5375;14;NULL
26.05.2019;7;13,625;10;61
27.05.2019;6;15,2625;13;NULL
28.05.2019;6;13,1625;12;NULL
29.05.2019;3;13,3625;8;0
30.05.2019;7;14,0125;9;61
31.05.2019;7;18,85;14;NULL
01.06.2019;6;19,5625;15;0
02.06.2019;2;24,35;8;NULL
03.06.2019;6;22,225;12;21
04.06.2019;7;16,0625;10;61
05.06.2019;5;22,9125;11;NULL
06.06.2019;6;19,5;13;61
07.06.2019;1;17,45;10;NULL
08.06.2019;7;16,2375;13;61
09.06.2019;5;18,65;10;NULL
10.06.2019;7;16,125;14;61
11.06.2019;6;18,1375;6;95
12.06.2019;7;16,6625;10;95
13.06.2019;0;22,175;11;NULL
14.06.2019;5;22,9;9;95
15.06.2019;7;18,2125;12;95
16.06.2019;6;20,3875;8;0
17.06.2019;3;21,875;9;NULL
18.06.2019;5;25,1125;6;95
19.06.2019;3;25,95;8;17
20.06.2019;6;19,275;8;21
21.06.2019;6;18,1625;11;NULL
22.06.2019;6;17,025;9;5
23.06.2019;1;20,375;12;5
24.06.2019;6;21,875;13;NULL
25.06.2019;3;28,775;7;NULL
26.06.2019;0;26,0375;16;5
27.06.2019;6;17,175;14;NULL
28.06.2019;1;20,225;7;NULL
29.06.2019;0;24,0375;8;0
30.06.2019;0;27,3375;19;5
01.07.2019;5;20,25;20;0
02.07.2019;6;15,1875;18;21
03.07.2019;5;16,5;13;21
04.07.2019;7;15,9625;15;61
05.07.2019;7;15,7375;13;61
06.07.2019;7;15,9125;17;61
07.07.2019;7;14,4625;16;NULL
08.07.2019;7;16,0125;15;61
09.07.2019;7;16,625;13;20
10.07.2019;1;19,2125;11;NULL
11.07.2019;7;17,6125;6;53
12.07.2019;7;18,475;7;61
13.07.2019;7;19,9;12;20
14.07.2019;8;15,3625;9;20
15.07.2019;7;15,5875;16;NULL
16.07.2019;5;19,1125;14;0
17.07.2019;4;17,5375;6;0
18.07.2019;6;21,25;8;0
19.07.2019;6;21,0875;11;21
20.07.2019;7;24,35;14;95
21.07.2019;8;18,9;16;21
22.07.2019;7;16,6375;5;61
23.07.2019;0;26,1;9;0
24.07.2019;0;27,6875;10;0
25.07.2019;6;29,725;11;NULL
26.07.2019;0;26,925;14;5
27.07.2019;4;23,5375;21;5
28.07.2019;3;23,35;14;5
29.07.2019;6;25,25;7;61
30.07.2019;7;20,7375;8;61
31.07.2019;6;20,45;7;61
01.08.2019;5;21,0625;9;61
02.08.2019;7;20,25;9;0
03.08.2019;2;22,2;8;21
04.08.2019;6;20,35;9;NULL
05.08.2019;6;20,4125;8;61
06.08.2019;7;22,375;10;21
07.08.2019;5;20,975;14;95
08.08.2019;5;19,8125;16;61
09.08.2019;6;20,7125;5;21
10.08.2019;5;21,8;11;61
11.08.2019;3;21,3;12;NULL
12.08.2019;4;20,825;10;21
13.08.2019;5;14,8;9;61
14.08.2019;2;17,9125;14;21
15.08.2019;7;16,6375;8;61
16.08.2019;6;19,05;12;61
17.08.2019;7;18,5;9;61
18.08.2019;7;16,5;5;61
19.08.2019;6;18,5875;10;61
20.08.2019;4;19,5625;10;NULL
21.08.2019;4;18,3875;8;21
22.08.2019;2;23,375;9;NULL
23.08.2019;5;22,875;9;NULL
24.08.2019;0;23,725;12;0
25.08.2019;0;25,7;10;NULL
26.08.2019;1;28,075;9;NULL
27.08.2019;1;24,8375;11;NULL
28.08.2019;2;29,4125;6;NULL
29.08.2019;4;22,2625;12;21
30.08.2019;6;22,925;7;NULL
31.08.2019;0;27,3125;8;0
01.09.2019;7;18,5125;15;61
02.09.2019;3;16,5;13;61
03.09.2019;5;17,4;15;61
04.09.2019;6;18,6625;9;61
05.09.2019;3;15,125;18;61
06.09.2019;6;15,475;9;0
07.09.2019;6;16;8;61
08.09.2019;2;16,8125;7;0
09.09.2019;7;15,8375;9;61
10.09.2019;7;15,8625;14;61
11.09.2019;7;17,4625;12;61
12.09.2019;6;17,825;12;0
13.09.2019;5;16,975;15;5
14.09.2019;5;16,5875;10;0
15.09.2019;6;15,9625;15;61
16.09.2019;5;15;15;0
17.09.2019;4;11,9875;22;61
18.09.2019;6;13,285714;16;21
19.09.2019;5;14,075;12;NULL
20.09.2019;7;15,7;13;20
21.09.2019;3;18,3;9;0
22.09.2019;0;20,4875;9;NULL
23.09.2019;6;18,5875;13;0
24.09.2019;6;16,65;6;10
25.09.2019;7;15,65;4;61
26.09.2019;7;14,875;7;45
27.09.2019;5;16,225;12;21
28.09.2019;7;16,6625;14;61
29.09.2019;7;13,3625;10;63
30.09.2019;5;13,975;23;61
01.10.2019;7;10,275;9;63
02.10.2019;5;11,5375;12;61
03.10.2019;6;11,125;9;20
04.10.2019;7;10,0375;9;61
05.10.2019;7;9,65;15;61
06.10.2019;5;10,075;10;NULL
07.10.2019;6;9,8125;8;0
08.10.2019;7;13,475;12;61
09.10.2019;7;12,8375;10;21
10.10.2019;7;12,0375;14;61
11.10.2019;7;13,8625;17;63
12.10.2019;7;13,0625;12;20
13.10.2019;7;13,425;6;61
14.10.2019;7;14,5;9;0
15.10.2019;6;17,325;7;NULL
16.10.2019;8;13,525;11;61
17.10.2019;7;13,9625;13;61
18.10.2019;7;14,825;9;63
19.10.2019;8;13,475;11;61
20.10.2019;7;12,5;4;61
21.10.2019;8;12,7625;12;21
22.10.2019;7;12,9875;12;NULL
23.10.2019;7;12,5375;7;21
24.10.2019;8;13,15;11;10
25.10.2019;7;13,4625;15;53
26.10.2019;7;16,5375;16;20
27.10.2019;6;10,7125;19;63
28.10.2019;3;9,8125;9;21
29.10.2019;0;8,6625;10;0
30.10.2019;0;7,4125;3;0
31.10.2019;3;6,5375;5;0
01.11.2019;7;4,3625;12;61
02.11.2019;7;11,8;9;61
03.11.2019;7;11,375;6;61
04.11.2019;8;10,1625;8;63
05.11.2019;7;8,3;12;61
06.11.2019;7;6,375;5;61
07.11.2019;7;4,875;7;28
08.11.2019;2;7,3625;6;0
09.11.2019;7;7,3;5;10
10.11.2019;6;7,1125;8;0
11.11.2019;6;4,25;12;NULL
12.11.2019;7;6,875;15;61
13.11.2019;7;5,1875;10;NULL
14.11.2019;5;6,575;7;0
15.11.2019;8;6,4;16;NULL
16.11.2019;8;7,3125;15;63
17.11.2019;7;5,125;8;NULL
18.11.2019;8;8,6375;6;61
19.11.2019;7;8,175;14;61
20.11.2019;8;3,6;6;61
21.11.2019;7;6,75;9;61
22.11.2019;7;7,6125;9;10
23.11.2019;7;7,0375;16;10
24.11.2019;8;4,9875;13;10
25.11.2019;8;5,7625;9;10
26.11.2019;7;6,1625;7;10
27.11.2019;7;7,9125;9;61
28.11.2019;7;9,0625;13;61
29.11.2019;1;3,8875;17;21
30.11.2019;2;4,3125;9;NULL
01.12.2019;6;2,8375;5;21
02.12.2019;4;4,425;12;21
03.12.2019;7;6,5875;10;61
04.12.2019;8;5,9375;11;10
05.12.2019;4;4,975;14;10
06.12.2019;7;6,2875;14;61
07.12.2019;6;8,2125;14;21
08.12.2019;6;8,9;20;61
09.12.2019;7;6,775;14;61
10.12.2019;6;4,575;10;NULL
11.12.2019;8;5,25;10;21
12.12.2019;7;5,1375;9;61
13.12.2019;5;2,6375;11;NULL
14.12.2019;7;4,65;17;63
15.12.2019;6;7,15;28;21
16.12.2019;8;6,7875;11;NULL
17.12.2019;7;9,575;10;0
18.12.2019;5;6,9875;12;0
19.12.2019;3;8,225;10;0
20.12.2019;7;8,2375;10;0
21.12.2019;4;7,275;8;NULL
22.12.2019;7;4,2875;9;21
23.12.2019;7;7,6;12;61
24.12.2019;8;6,5125;10;61
25.12.2019;8;6,05;8;61
26.12.2019;7;5,65;7;61
27.12.2019;7;3,3125;11;22
28.12.2019;7;1,1625;7;NULL
29.12.2019;8;1,325;11;NULL
30.12.2019;2;7,05;16;NULL
31.12.2019;1;6,65;15;NULL
